{
  "count": 396,
  "spaces": 19329,
  "sheltered": 178,
  "bounds": [
    103.63622,
    1.27036,
    103.96239,
    1.44937
  ],
  "source": "LTA Bicycle Rack (data.gov.sg)"
}